1,google.com
2,youtube.com
3,facebook.com
4,baidu.com
5,wikipedia.org
6,yahoo.com
7,qq.com
8,taobao.com
9,tmall.com
10,twitter.com
11,amazon.com
12,google.co.in
13,instagram.com
14,vk.com
15,sohu.com
16,live.com
17,reddit.com
18,weibo.com
19,yandex.ru
20,sina.com.cn
21,jd.com
22,google.co.jp
23,360.cn
24,login.tmall.com
25,blogspot.com
26,linkedin.com
27,google.com.hk
28,google.com.br
29,netflix.com
30,pornhub.com
31,google.co.uk
32,yahoo.co.jp
33,csdn.net
34,pages.tmall.com
35,office.com
36,twitch.tv
37,google.fr
38,google.ru
39,google.de
40,ebay.com
41,mail.ru
42,alipay.com
43,microsoft.com
44,microsoftonline.com
45,t.co
46,aliexpress.com
47,bing.com
48,ok.ru
49,msn.com
50,xvideos.com
51,whatsapp.com
52,naver.com
53,google.it
54,stackoverflow.com
55,github.com
56,google.com.mx
57,amazon.co.jp
58,wordpress.com
59,imdb.com
60,google.es
61,livejasmin.com
62,tumblr.com
63,paypal.com
64,google.ca
65,imgur.com
66,google.com.tr
67,wikia.com
68,xhamster.com
69,google.com.tw
70,tribunnews.com
71,google.com.au
72,apple.com
73,google.co.kr
74,googleusercontent.com
75,thestartmagazine.com
76,txxx.com
77,pinterest.com
78,xnxx.com
79,bilibili.com
80,hao123.com
81,adobe.com
82,espn.com
83,dropbox.com
84,coccoc.com
85,fbcdn.net
86,popads.net
87,amazon.co.uk
88,detail.tmall.com
89,pornq.com
90,amazon.in
91,amazon.de
92,google.co.id
93,soso.com
94,booking.com
95,quora.com
96,xinhuanet.com
97,cobalten.com
98,pixnet.net
99,google.co.th
100,tianya.cn
101,salesforce.com
102,bongacams.com
103,google.pl
104,detik.com
105,google.com.ar
106,so.com
107,bbc.co.uk
108,cnblogs.com
109,utorrent.com
110,cnn.com
111,google.com.pk
112,aparat.com
113,google.com.sa
114,google.com.eg
115,soundcloud.com
116,bbc.com
117,force.com
118,amazonaws.com
119,zhihu.com
120,ask.com
121,onlinesbi.com
122,rakuten.co.jp
123,babytree.com
124,craigslist.org
125,stackexchange.com
126,nicovideo.jp
127,nytimes.com
128,youth.cn
129,chaturbate.com
130,tokopedia.com
131,iqiyi.com
132,speakol.com
133,spotify.com
134,indeed.com
135,vimeo.com
136,alibaba.com
137,nih.gov
138,dailymotion.com
139,roblox.com
140,bitmedianetwork.com
141,avito.ru
142,1688.com
143,chase.com
144,ettoday.net
145,google.com.ua
146,panda.tv
147,google.com.sg
148,google.co.za
149,google.com.vn
150,clearload.bid
151,daum.net
152,bukalapak.com
153,porn555.com
154,globo.com
155,fc2.com
156,google.co.ao
157,ebay.co.uk
158,openload.co
159,w3schools.com
160,theguardian.com
161,nownews.com
162,vice.com
163,gmw.cn
164,ebay.de
165,uol.com.br
166,instructure.com
167,youm7.com
168,blogger.com
169,google.co.ve
170,slideshare.net
171,flipkart.com
172,google.az
173,mediafire.com
174,godaddy.com
175,cloudfront.net
176,cnet.com
177,zhanqi.tv
178,dkn.tv
179,people.com.cn
180,medium.com
181,ladbible.com
182,invictioner.club
183,google.nl
184,google.com.co
185,upornia.com
186,google.gr
187,wikihow.com
188,liputan6.com
189,caijing.com.cn
190,etsy.com
191,aliyun.com
192,china.com.cn
193,google.com.ph
194,bet9ja.com
195,amazon.fr
196,mercadolivre.com.br
197,scribd.com
198,steamcommunity.com
199,amazon.it
200,walmart.com
201,deviantart.com
202,sogou.com
203,discordapp.com
204,wetransfer.com
205,ebc.net.tw
206,trello.com
207,huanqiu.com
208,indiatimes.com
209,mama.cn
210,jf71qh5v14.com
211,eastday.com
212,google.com.pe
213,yelp.com
214,onlinevideoconverter.com
215,google.cn
216,oeeee.com
217,steampowered.com
218,thepiratebay.org
219,kompas.com
220,epital.gdn
221,viralvideos.technology
222,outbrain.com
223,google.se
224,dailymail.co.uk
225,youporn.com
226,zillow.com
227,shutterstock.com
228,setn.com
229,sciencedirect.com
230,google.be
231,twimg.com
232,spankbang.com
233,softonic.com
234,weather.com
235,rambler.ru
236,google.cl
237,mega.nz
238,otvfoco.com.br
239,freepik.com
240,google.com.ng
241,speedtest.net
242,163.com
243,savefrom.net
244,battle.net
245,douban.com
246,redtube.com
247,canva.com
248,bankofamerica.com
249,livejournal.com
250,mozilla.org